rank	Gene	Mutation	Fold increase in transmissibility	Number of lineages
1	ORF1b	P314L	1.185	2
2	S	D614G	1.1360000000000001	6
3	S	P681H	1.053	18
4	S	N501Y	1.042	11
5	S	Y144-	1.028	6
6	ORF8	L84S	1.264	1
7	S	P681R	1.05	8
8	ORF1a	D448-	1.3519999999999999	13
9	N	S235F	1.024	4
10	ORF1a	G3676-	1.042	12
11	ORF1a	S3675-	1.041	12
12	ORF3a	S26L	1.038	2
13	M	I82T	1.036	7
14	ORF7a	V82A	1.036	3
15	S	V70-	1.02	9
16	N	D3L	1.017	4
17	N	D377Y	1.044	17
18	ORF3a	G251V	1.245	15
19	ORF8	R52I	1.018	2
20	S	D950N	1.034	3
21	ORF1a	T3255I	1.047	10
22	S	T716I	1.02	5
23	N	R203M	1.037	3
24	S	R158G	1.031	1
25	S	E156-	1.036	2
